CategoryID;CategoryName
2021898;Accessories
205865;Acidophilus
2765675;ADSL оборудование
1981649;Adult Books
1980449;Adult Catalogs
1980650;Adult Costumes
1981044;Adult Dolls
1980351;Adult DVD
1980447;Adult DVD Catalog
1980282;Adult Educational DVDs
1987690;Adult Flesh Drives
1980280;Adult Games
1980440;Adult SAMPLES
1366327;Airline
214685;Alternative
2056975;Alternative Dairy Products
206277;Amino Acids
1386442;ANCHOVIES
2324679;ANTIANEMIC/PRE &POST NATAL VIT
2380342;ANTIANGINAL DRUGS
2303593;ANTIHISTAMINE & ANTIALLERGIES
2283960;ANTIHYPERLIPIDEMIC AGENTS
2307067;ANTIRHEUMATIC,ANTIINFLAM,ANALG
2382109;ANTITUBERCOLOSIS AGENT
1555863;APPLIANCES
223928;Asian Foods
1389597;ASTRINGENT
1728014;Automotive Parts and Accessories
1382774;BABY BATH SOAP
1382778;BABY OIL, LOTION & COLOGNE
1980692;Bachelorette
1384121;BACON
1384307;BAGS
1728979;BANANA CATSUP
201452;BAR SUPPLIES AND MIXERS
1377819;BARQUILLOS
2279868;BCAA
2278902;Beans or Peanut Butter
1376611;BIHON, CANTON & MISUA
2288206;BISCUITS
337189;Biscuits & Confectionary
1729316;Biss
1980401;Blowout Items
1457193;BODY OIL
1353121;Bodyart
1980215;Bondage
4807465;Breakfast Cereal
188185;Breakfast Meals
4806277;Breakroom & Cleaning Supplies
1385916;BREWED & BEANS COFFEE
1362666;BRUSHES & CLEANING PADS
1980358;Bulk Items
2013123;Butt plug
2562597;Buttermilk
2277397;Cachaca
1729796;CAKE & PASTRIES
1585575;CAKE DECORS
214657;Calcium
2020974;Candy, Chocolate & Sweeteners
2212017;Car Audio
1359440;Car Care
2027426;Cask
1386105;CATHETERS
4807507;Cheese or Tofu
181515;Cheesecake
2281661;CHEMICALS & GALINECALS
2570377;Chemicals, Lubricants, and Cleaners
1394317;CHICHARON & FISH/PRAWN CRACKERS
207123;Chinese Foods
2410471;CHOLAGOG,CHOLETHOL,HEPATIC PRO
208835;Chutney
2055428;Cider
900735;Cleaning Products
2560689;Clearance
1374136;CLING WRAP/FILM/WAX
2281291;Cocktail Bitters
181529;COCKTAILS
209111;Coffee subs
900461;Computer
2044726;Computer - server
2013776;Computer Accessories Cases
2015230;Computer Power Accessories
1388086;CONCENTRATED POWDERED DRINKS
908254;Condiments, Cooking Sauces & Pastes
2514427;Confec Chocolate
2530249;Confec Sugar
883240;Confectionery
2520590;Confectionery Cereal
231399;Controller FIREWARE IEEE 1394
891550;Convenience Foods
2521710;Cooking Sauces & Acc
1364964;COOKING WINE
1730524;CORDIALS
7943;COSMETIC
186164;COUGH & COLD
1372438;Count Lines
210258;Cous Cous/ N. African
215365;CPU
1388073;Creamer
2310657;CULINARY
1375503;Dairies&Decoction
2193146;Dairy Products, Wholesale Ingredients
1;default
1373249;DEODORIZER
2014173;Desktop Accessories
2022351;Desktops
1382449;DESSICATED COCONUT
949259;DFRAME
210851;Digital Camera
189124;DIPS
1512257;DIRECT BRANDED
2023310;Docking Stations
2514216;Dry Legumes or Dry Peas
949270;DVD RECORDER
1394138;E-Pay
978419;Ecological Alternatives
979479;Elbow Fitting
2765677;Electrical and Audio
2277384;Eligible Medical Foods
197290;ENERGY BARS
212527;Ethnic Foods
211695;Evening Primrose Oil
4807142;Exempt Infant Formula (EXP)
1380354;FACIAL CLEANER, WASH & SCRUB
209138;Fake Meats
1368584;Fancy items
2581076;Fathers Day
1731685;FCPM
1424511;FERTILIZER
904657;Festive Products
1373140;FILLED MILK
1376160;FILLING/TOPPINGS(/SYRUP)
2613385;Fire Safety and Detection
2352182;FIRST AIDS AND INSTRUMENTS
1388203;FISH - FRESH WATER
207988;Fish Oils
1377011;FISH SAUCE
1413960;FISH/SQUID BALLS
432997;Flash memory
214253;Flavoured Green Tea
1980360;Floor / Counter Displays
1402781;FLOOR WAX
2583713;FM-модуляторы (Трансмиттеры)
4806634;Folders, Binders & Accessories
1371118;FOLLOW-ON/GROWING UP MILK
206557;Foods Supplements
1396417;Fortified Wine
2528141;Frames And Albums
1411548;FRENCH FRIES
2554771;Frozen concentrate
2023762;Frozen Meals
183586;FRUIT SNACKS & GRANOLA BARS
214672;Fruit Teas
2058983;Fruits and Vegetables
2511557;Fruits and Vegetables Canned
2508206;Fruits and Vegetables Fresh
2507362;Fruits and Vegetables Frozen
1388827;FTG-FILLED PANDESAL
1388854;FTG-PANDESALAN
1510108;FTG-QUICK MEALS
1373112;Full Cream Milk
966682;GACCESSORIES
2281065;Generic Breakroom & Cleaning Supplies
2378432;GENITO URINARY SYSTEM
1507682;GERMICIDE
1376713;Ghee
1478242;GINGER POWDERED
1375168;GLAZE MIX/GULAMAN/SAGO
1377502;GLOVES & MASK
222921;Glucosamine
208079;Gluten Free
949219;GPS
2021991;Grains, Beans, & Flour
1367139;HABA/SUNDRIES
1009426;Hair Extensions
1540683;HAIR MEDICATED SHAMPOO
602130;Halloween
1370357;HAND & BODY LOTION
1382000;HAND SANITIZER
2527466;Handy Tray Pipe Nipple Assortments - 6
1980132;Hardware
1981853;Hazardous Materials
2011059;HDD
297057;Health & Personal Care
1388151;HEALTH DRINK
2282550;HERBAL
2015972;Herbs, Spices & Other Ingredients
1980722;Holiday Items
1735683;Home
1737272;Home Improvement
551086;HomeDecor
1381385;HONEY SYRUP
334545;Hot Drinks
894382;Hot Food
1980397;HS
2013782;Hubs and Switches
1659594;IM
210591;Indian Foods
2285143;Infant Cereal
2327040;Infant Formula
4807413;Infant Fruits and Vegetables
4808086;Infant Meats
1373059;INFANT'S MILK
2057596;Inkjet Supplies
4818645;IP Телефония
2534591;Irish
2276021;IT Peripherals
2648636;Janitorial Products
205988;Japanese Foods
1486398;Jet Wash
978229;Kitchen - Cookware & Fuel
195246;KOSHER FOODS
2014245;KVM Switches
2562098;Lactose Free milk
2562095;Lactose milk - lowfat/skim
1739189;Lawn & Patio
2381905;LAXATIVES & PURGATIVES
1980175;Lingerie
213131;Linseed
1376239;LOAF/LUNCHEON MEAT/SAUSAGE
1413237;LONGANISA, TOCINO & TAPA
550462;Luggage
1655267;LUM
1385192;LUMPIA & CHEESE STICKS
1385199;LUMPIA/MOLO/SIOMAI WRAPPER
183304;LUNCH MEAT
1992260;Mags and Comics
1388192;MALLOWS
1980458;Manufactures back order
1370128;MARINADE
186387;MARSALA
1385287;MAT, RUGS & POT HOLDER
1378962;MEAT NUGGET/MARINATED
1378969;MEAT SPREAD
4093300;Media
3050776;Media - Action/Adventure
3051588;Media - Action/Comedy
3051592;Media - Animation
3051594;Media - Anime
3055068;Media - Ballet
3050745;Media - Comedy
3053267;Media - Comedy/Drama
3054967;Media - Dance/Ballet
3050849;Media - Documentary
3050761;Media - Drama
3051784;Media - Drama/Silent
3051955;Media - Exercise
3051861;Media - Family
3053371;Media - Fantasy
3050790;Media - Foreign
3058379;Media - Games
3050831;Media - Horror
3080489;Media - Karaoke
3050765;Media - Late Night
3050742;Media - Music
3051791;Media - Musical
3051413;Media - Mystery/Suspense
3052008;Media - Opera
3079179;Media - Satire
3051796;Media - SciFi
3051798;Media - Silent
3053975;Media - Software
3050748;Media - Special Interest
3050839;Media - Sports
3051483;Media - Suspense/Thriller
3050833;Media - Thriller
3051487;Media - TV Classics
3052234;Media - VAR
3051816;Media - War
3051818;Media - Western
2538862;MEDICAL FORMULA
1369752;MEDICATED LOTION/CREAM/JELLY
1371731;MERCURY BRANDED
1590650;MERCURY GENERIC
1420977;MERCURY HERBAL
191515;MEXICAN
4842140;MicroSD Card
210445;Milk non-diary
210334;Milks Other
2514334;Miscellaneous and Other
1386109;MIXER
2740736;Mobil Rack
1741292;Mobile Electronics
2028736;Mobiles
2013646;Modems
2016717;Monitor Accessories
2533293;Mothers Day
2014976;Mounts
893569;MP3
959187;MP3ACC
207080;Natural and Herbal remedies
188165;NATURAL DAIRY
1362795;NET
2013644;Networking Accessories
2014120;Networking Cables
2013788;Networking Software
2013532;NIC
2507987;Non Food
2070802;NUTS & SEEDS
219585;Oatcakes
4806388;Office Consumables
4806283;Office Consumables (Art, Educational & Envelopes)
4806396;Office Equipment
1980235;ON Sale
2015677;Optical Drives FDD
336621;Oriental Food
1360309;Other Bottles
2023918;Other Consumables
1371409;PADS-ABSORBENT
4806843;Paper - Other
4806363;Paper - White Recycled & Virgin
2057625;Paper Film
1375573;PAPER TOWEL & TABLE TISSUE
2154785;Pasta, Tofu, Tempeh, & Alternative Meat Products
635485;PDA
2513854;PEANUT BUTTER DRY BEANS
2325015;Perfumed oil
1742887;Personal Care Appliances
1742976;Personal Computer
336078;Personal Hygiene
207235;Pesto
337596;Pets
1368476;Pickles
1360867;Pies & Pasties
1980362;Pills/ Sexual Enhancement
2727223;PIONEER
2527446;Pipe Nipple
2277367;Pisco
1368086;PLASTIC WARE
279491;PLATINUM HYDROWHEY
1743591;PORK & BEANS
2027019;Portable Audio MP3
1371963;Prayers
1377346;PRE-NATAL MILK
2348746;PRESCRIPTED & OTC DRUGS
2025232;Print Servers
2013918;Printer Accessories
1413247;PROCESSED MEAT
2016063;Projectors
1360818;PROMO PRODUCTS
212793;Protein Powders
928499;PSLR
2676849;Ready Meals
1392792;READY-TO-COOK CRACKERS
211452;Rice Milks
1743779;RICE STICKS
221761;Rooibos
2013779;Routers
2347508;SALAD AID
1376159;SALAD DRESSING
1426363;SANDWICH BAG
1743900;SANITARY & MATERNITY NAPKIN
207730;Savoury Biscuits
983958;Savoury Snacks & Mixes
891556;Savoury Spreads & Vegetable Pates
1016131;SCAMERA
891540;Sea Vegetables
1477546;SEEDS
2013987;Server Accessories
2952729;Sex Toys
363351;Sex-Shop
2001257;Sexy Shoes
189208;SHERRY
1746871;Single Detail Page Misc
1401628;SIOPAO, SIOMAI, KIKIAM & DUMPLING
222706;Smoothie
2022661;Snack Foods & Bars
2530564;Snack Meals
1746943;SOFTDRINK
154077;Software
1373458;SOLUTION (NOT OPTIC, OPTH, NASAL DROPS)
1419731;SOTANGHON
2069570;Sound Cards
340167;Soups & Canned Food
206005;SP ITEMS-L
2527330;Special  Six  Assortments
1382493;SPRAY MEDICAL EXTERNAL
1366295;SPRAY MEDICAL INTERNAL
1388569;SPRAY NON-MEDICAL
1747897;Spread
205994;Spreads and Butters
211047;Spreads non dairy
223030;Sprouts
2014323;Storage Accessories
279325;STRENGTH & RECOVERY
2618231;Sun & reading glasses
918779;Superfoods
1496082;SUPPORT STOCKINGS
1392826;SWAB
336091;Sweets and Deserts
1385197;TACO SHELL
202571;Tahini
1372013;Talc&Lotion
2021244;Tape Drives
1121512;TCOMBO
553736;TEA & COFFEE
2290848;TEA & POWDERED GINGER
940461;Tea - Mate
984864;Textured Vegetable Protein (TVP)
210054;Thai Foods
2155108;Thin Clients
1459489;TIKOY
2526938;Tofu
916624;Tofu, Tempeh & Seitan
2060015;Tofu, Tempeh, & Alternative Meat Products
4806477;Toner - OEM
4810527;Toner - Remanufactured
2021362;TRAVEL ACCESSORIES
919682;TRIPOD
2302816;Umeshu
229569;USB
215134;USB Hub
1569983;Vacuum
1986154;Valentine Items
2533303;Valentines
961637;VDEDITION
908106;Vegetable Stocks, Bouillon & Gravy
972111;Vegetarian Deli
207752;Vegetarian Specialitys
4819680;Vichy (+БАД)
1080816;WARRANTY
3128266;Wasabi
2081584;WATCHES
887684;WATCHMAN
190659;WAX & FRESHNERS
1082893;WEATHER
1370497;WHITENING LOTION
4807132;WIC Eligible Nutritionals
2765676;WIC-Eligible Medical Foods
1993921;Wigs, Eyes, Body
991976;Wild Bean Cafe
1749170;Wireless
2013641;Wireless Networking
2023334;Workstation Accessories
2058954;Workstations
904342;WTALKIE
217882;Yeast Extract
949287;ZCACCESSORIES
894266;ZCASES
925308;ZCCDACCESORIE
949305;ZCLEANER
936951;ZCPLUGIN
1096006;ZCTV
959221;ZDVDACC
1087556;ZFACCESSORIES
919687;ZFILTER
1086493;ZGACCESSORIES
928545;ZPACCESSORIES
928490;ZPCACCCESSORI
1022768;ZPDVDACC
904301;ZRINGS
928509;ZTAPES
919727;ZVCACCESSORIE
24167;Абсент
1465504;АВТОЗАПЧАСТИ
300445;Автомобильные принадлежности
1087481;Автоответчик
260388;Автохимия
873111;Автошина
3617275;Адаптер для щеток стеклоочистителей
260412;Аджика
453512;Адсорбенты-детоксиканты
440047;Аквадекор
309101;Аквариум
467046;Аквариумные растения
1387055;Аккумулятор автомобильный
2232619;Акриловая технология
3227847;Аксессуары для автоматических выключателей дополнительные
659330;Аксессуары для аквариума
3608221;Аксессуары для водного спорта
36436;Аксессуары для волос
278696;Аксессуары для мобильных устройств
3230731;Аксессуары для ПВР, ШПВР, ППВР
455873;Аксессуары для презентационного оборудования
3223759;Аксессуары для пускателей ручных кнопочных дополнительные
3228359;Аксессуары для труб
3223722;Аксессуары для шкафов и щитов
943542;Аксессуары к бутылочкам для кормления
231180;Акустика
78617;Алкоголь
3607663;Алкогольные коктейли
3604617;Алкотестер
260468;Альбом
175872;Альбом для рисования
441921;Альбом для черчения
2289236;Аминокислоты
3238303;Амперметр
2417672;Ампулы, растворы для инфузий
315577;Амуниция для грызунов
336954;Анальгетики (НПВС и др. группы)
3619418;Ананасы консервированные
442325;Анестетики
442355;Анкер
441230;Антацидные (обволакивающие, вяжущие...)
952292;Антенна
332169;Антибиотики и сульфаниламиды
4832409;Антибиотики, п/микробные, п/грибковые
442143;Антибиотические препараты группы пенициллина и цефалоспоринов
439685;Антибиотические препараты хинолоновой структуры
439975;Антигельминтные
442328;Антигеморройные
439842;Антигипертензивные (Мочегонные, БКК, ИАПФ...)
441213;Антигистаминные
260347;Антикоррозия
278396;Антимоль
2220680;Антипасти
443401;Антипсориазные
498491;Антисеборейные
442734;Антисептик для дерева
2429748;Антисептики для полости рта
362352;Антисептики ЛАРИНГОлогические
343139;Антисептики наружного применения
186;Антистатик
714545;Антистресс
1655968;Антифриз
37115;Аперитив
442957;Аппликация
241824;Аптека
442998;Аптечка
3605445;Арахис
3779114;Ареометр
37193;Арманьяк
3223909;Арматура для СИП
343163;Ароматизатор
3948159;Ароматизатор автомобильный
4833582;Аромотерапия
1200559;Атлетика
228644;Аудиокниги
3780855;Багажники, сетки для крепления груза
443587;Бадминтон
362345;БАДы
622408;Бакалея
170221;Бальзам алкогольный
1386;Бальзам для волос
34715;Бальзам для губ
444085;Бандаж медицинский
2221996;Бандана
21899;Баня и сауна
554338;Барельефы, фрески
444428;Барсетка
493520;Баскетбол
1183026;Бассейн
3623100;Бассейны и аксессуары
4219;Батарейки и аккумуляторы
279320;Батончики
4834437;Батончики злаковые
2421251;Батончики прочие
4834451;Батончики фруктовые
4834464;Батончики шоколадные
303808;Безопасность труда
444760;Бейджи
3267092;Бекон
682176;Белье детское
1752296;Белье нательное взрослое
1754998;Белье нательное детское
18023;Белье, трикотаж
226025;Беременность и кормление
4862250;Беспроводное оборудование
330611;Бигуди
281946;Бижутерия
1351407;Бинокль
2716981;Биотуалет
3223953;Бирка кабельная
344360;Биты
445743;Блендер
260768;Блеск для губ
241580;Блесны
260996;Блестки
39157;Блины
3223962;Блок автоматического ввода резерва
556174;Блок питания, адаптер
3223981;Блоки зажимов БЗН
39376;Блокнот
679959;Блузка
309773;Блюдо
309899;Бокал
1662764;Бокс
3224217;Бокс пластиковый
435226;Болеро
34694;БОЛЕУТОЛЯЮЩИЕ СРЕДСТВА
447616;Болт
3784645;Болты гайки секретные
3643109;Болты крепления гос. номера/Рамки под гос.номер, болты крепления
1262024;Большой теннис
3607978;Босоножки, сандали
569331;Ботинки
3612906;Ботинки,  полуботинки
448184;Брашинг
226730;Брелок
3607395;Бренди
334672;Бриджи
1757047;Бритва
3785185;Брызговик автомобильный
682638;Брюки
871531;Брюки детские
400170;Брюки женские
448649;Булавки
1187905;Бульон
310128;Бульонница
205445;Бумага
448724;Бумага бархатная
1180883;Бумага для акварели
261300;Бумага для записей
1188058;Бумага для пастели
1278727;Бумага для рисования
3641862;Бумага для скрапбукинга
449081;Бумага для факса
265966;Бумага копировальная
449130;Бумага крепированная
176292;Бумага масштабно-координатная
344078;Бумага наждачная
176154;Бумага пачечная
449239;Бумага самоклеящаяся
2664;Бумага туалетная
2952716;Бумага хозяйственная
449366;Бумага художественная
449391;Бумага цветная
449449;Бумага цветная самоклеящаяся
449668;Бумажник
3604625;Бумажник водителя
344266;Бур
3649710;Бутерброд
340444;Бутылочка детская для кормления
262842;Бухгалтерские книги, бланки
203752;Бытовая техника
25023;Бытовая химия
343530;Бюстгальтер
310186;Ваза
450179;Вакцины
343718;Валик технический
1584973;Вантуз
2226254;Варежки
261470;Вареники
261517;Варенье и джемы
217;Вата и ватные изделия
450418;Ватман
25;Вафли
310436;Ведро
1190385;Велобеги
450798;Велосипед
334627;Велосипедные аксессуары
362337;Венотоники
261623;Вентилятор
3224475;Вентилятор бытовой настенный и аксессуары
330553;Вентилятор для процессора
22446;Вермут
733438;Верхний трикотаж
444751;Весы
1758065;Ветеринарные вакцины, сыворотки, иммуномодуляторы
555250;Ветеринарные витамины и минералы
601851;Ветеринарные витамины и минералы для грызунов
565204;Ветеринарные витамины и минералы для кошек
550940;Ветеринарные витамины и минералы для птиц
555204;Ветеринарные витамины и минералы для собак
1762234;Ветеринарные гомеопатические и фитопрепараты
1763094;Ветеринарные дента препараты
1787907;Ветеринарные мази, кремы, лосьоны, спреи
309086;Ветеринарные препараты
309254;Ветеринарные препараты Антибактериальные
1756113;Ветеринарные препараты блокирующие
1761780;Ветеринарные препараты глазные
311045;Ветеринарные препараты глистогонные
565273;Ветеринарные препараты для кошек
673145;Ветеринарные препараты для лошадей
565199;Ветеринарные препараты для собак
345229;Ветеринарные препараты инсектицидные
666798;Ветеринарные препараты комплексные
311103;Ветеринарные препараты Контрасекс
297288;Ветеринарные препараты Мази
1816058;Ветеринарные препараты противопаразитарные
311023;Ветеринарные препараты Ушные,глазные средства
261671;Ветчина
451271;Вешалка
227314;Видеокарта
2506040;Видеорегистратор
41783;Визитница
279982;Вилка столовая
282286;Вина Австралии
282251;Вина Аргентины
1759169;Вина Болгарии
688696;Вина Германии и Австрии
1759270;Вина Греции
282274;Вина Грузии
41484;Вина Испании
22470;Вина Италии
4836327;Вина Италии Венето
4836292;Вина Италии Игристые и Вермуты
4836434;Вина Италии Пьемонт
4836343;Вина Италии Сицилия и Сардиния
4836311;Вина Италии Тоскана
689306;Вина Китая и Японии
1759450;Вина Молдовы
688350;Вина Новая Зеландия
22169;Вина Новый Свет
688768;Вина Португалии
688533;Вина России и ближнего зарубежья
1759639;Вина Украины
41821;Вина Франции
688367;Вина Франции Бордо
688362;Вина Франции Бургундия
688374;Вина Франции Долина Луары
689282;Вина Франции Долина Роны
4836548;Вина Франции игристые и Шампань
688432;Вина Франции Лангедок
689475;Вина Франции Эльзас
282291;Вина Чили
225281;Вина ЮАР
1759739;Винный напиток
22133;Вино
689713;Вино безалкогольное
296061;Вино игристое
3789981;Вино крепленое
1759520;Вино плодовое
451714;Винт
22172;Виски
204841;Витамины и минералы
2531314;Витамины, лакомства для грызунов
2531313;Витамины, лакомства для кошек
2531316;Витамины, лакомства для птиц
2512158;Витамины, лакомства для собак
298109;Витамины, подкормки для животных
242919;Воблер
3795411;Вода дистиллированная
48140;Вода минеральная
3948176;Вода мицеллярная
17388;Вода питьевая
22581;Водка
693069;Водные игры
452556;Водонагреватель
2730743;Воздухоочистители
466144;Воздушно-ветровые игрушки
712492;Воздушные змеи
493531;Воллейбол
1761166;Вольер
3224695;Вольтметр
3617329;Воронка
26173;Восточные сладости
552325;Выжигание, выпиливание, роспись, плетение
3225580;Выключатели нагрузки (рубильники)
3225079;Выключатели путевые и концевые
227527;Выключатель
3223946;Выключатель автоматический
3569489;Выключатель дифференциальный (УЗО)
3224621;Выключатель кнопочный
3224998;Выключатель нагрузки
3230865;Выключатель пакетный
3224724;Выключатель-разъединитель
3620567;Выпечка (мелкоштучные изделия)
453117;Выпрямитель волос
453126;Вытяжка
998080;Гаджет игровой
1182450;Газовое оборудование
453273;Гайка
596271;Галантерея
261887;Галеты
3618301;Галоши
696145;Галстук
261894;Гарнир
453501;Гвозди
2279910;Гейнеры
2232613;Гелевая технология
401;Гель для душа
454095;Гематоген
442002;Гематологические (Вл.на сверт.крови, гемопоэз...)
442094;Гематологические (Плазмозаменители, парент.питание)
444908;Гепатопротекторы
2952751;Гербициды
227667;Герметик
3165;Гигиена для взрослых
1369168;Гигиена животных
697444;Гидрогель
3225152;Гильза монтажная
450144;Гипохолестеринемические
1271151;Гирлянда электрическая
145865;Гирлянды и баннеры
2422354;Глазные и ушные капли, мази
440015;Глазные капли
448066;Глазные мази
454616;Глина косметическая
262153;Глобус
2279939;Глютамин
3670540;Говядина тушеная
1761966;Головной убор
1761876;Головной убор детский
1761841;Головной убор для новорожденных
2730211;Головные уборы для животных
555711;Головоломка
351716;Гольфы
441196;Гомеопатические средства
441953;Гормональные прочие средства
442330;Гормональные средства (половые гормоны)
2431429;Гормоны (щитов.,стероиды, противоопух.)
28300;Горчица
310878;Горшок цветочный
675177;Горячая выпечка из п/ф
496441;Готовальня
3616631;Готовые блюда
36854;Готовые блюда гастроном
3605977;Готовые блюда и п/ф с/м
3618140;Готовые завтраки
176363;Грамоты и дипломы
171957;Граппа
311352;Графин
4862251;Грелка
142874;Грибы
3783563;Грибы свежие
1762333;Грибы сушеные
227766;Грифель
3227704;Грозозащита и заземление
463706;Груминг
311529;Грунт для аквариума
406629;Грунтовка
2421504;Грунтовка художественная
33890;Губка для автомобиля
455881;Губка для обуви
2620;Губка для посуды
5984;Губка для тела
3605928;Губка хозяйственная
456071;Дартс
1762651;Датеры
456124;Датчик
3225340;Датчик движения
407;Дезодорант
3607450;Декорация для выпечки съедобная
1051;Демакияж
176397;Демонстрационные системы
5203;Депиляция
3948160;Держатель для мобильных устройств
3225410;Держатель для плавких вставок
52599;Держатель для туалетной бумаги
362341;Дерматологические средства прочие
263238;Десерт
3611207;Десерт молочный
439741;Детали игровой сценической обстановки
176428;Детекторы банкнот, Счетчики купюр и монет
22738;Детское питание
702411;Джемпер
386238;Джемпер женский
432155;Джемпер мужской
23104;Джин
703325;Джинсы
381386;Джинсы женские
703077;Джинсы мужские
1183282;Диабет
2431836;Диабетические
457462;Дидактические материалы
279339;Диетические продукты
448800;Дизайн-бумага
176445;Диктофон
667012;Диммер
228249;Диск инструментальный
176449;Дискеты, диски CD, DVD
457839;Диспенсер
3223768;Дифференциальный автомат
458750;Дневник
228467;Доводчик дверной
458864;Домашний кинотеатр
312236;Домики для животных
551349;Домино
1557416;Домкрат
3223926;Дополнительные устройства ВА88 - аварийные (АК) и дополнительные (ДК) контакты
3227699;Дополнительные устройства ВА88 - зажимы вводные
3229856;Дополнительные устройства ВА88 - механическая блокировка положения выключателя
3231635;Дополнительные устройства ВА88 - панели втычные и выдвижные ПМ
3235464;Дополнительные устройства ВА88 - переходники на DIN-рейку
3231985;Дополнительные устройства ВА88 - привода ручные поворотные ПРП
3233036;Дополнительные устройства ВА88 - расцепители минимального напряжения РМ
3233064;Дополнительные устройства ВА88 - расцепители независымые РН
3232627;Дополнительные устройства ВА88 - расширенные выводы
3238728;Дополнительные устройства ВА88 - электропривода ЭП
3228607;Дополнительные устройства для КTH - катушки управления КУ
3228594;Дополнительные устройства для КМН
33491;Доска гладильная
705467;Доска для детского творчества
459062;Доска для моделирования
459105;Доска для рисования
699899;Доска магнитная
176619;Доска меловая
459181;Доска офисная
19096;Доска разделочная
674836;Драже
459359;Дрель электрическая
53845;Дрожжи
331153;Дрожжи пивные
3314263;Дуршлаг
4327;Духи
459634;Духовка электрическая
459641;Душистая вода
37047;Дыроколы, степлеры, антистеплеры
459880;Дюбель
3225624;Дюбель для бандажа ДБ
3225633;Дюбель-хомут
460135;Ежедневник
461385;Ель новогодняя искусственная
2230362;Жакет
3948207;Жалюзи
19141;Жевательная резинка
1766564;Желатин
33075;Желе
441115;Железосодержащие препараты
2417850;Желудочно-кишечный тракт
441224;Желчегонные
273;Женская гигиена
2416725;Женские (противозачат.,гормоны, раст.)
2231845;Жилет
2279915;Жиросжигатели
461769;Журналы школьные
3702;Загар и защита от солнца
3225726;Заглушки для пломбировки ВА47-29
285556;Зажигалка
176777;Зажим для бумаг
461944;Зажим для троса
3227933;Зажим концевой изолирующий
3225778;Зажим монтажный
3230102;Зажим соединительный изолирующий
462015;Закладки
454804;Закрепляющие
263430;Закуска
2324179;Заменители питания
3610695;Заменитель грудного молока
438834;Заменитель сахара
228976;Замок
3610261;замороженные блюда и замороженные мясные полуфабрикаты
3605985;замороженные блюда, требующие приготовления
3654465;замороженные бургеры, требующие приготовления
72;Замороженные овощи/фрукты/ягоды/грибы
33433;Занавеска для кухни
3228640;Запасные части к контакторам КТ6600
181341;Зарядное устройство
462497;Затирка для швов
462730;Звонок электрический
2221625;Зелень, салаты свежие
462866;Зеркало
3629896;Зеркало автомобильное
23256;Зефир
462951;Значки
285706;Зонт
209;Зубная паста
7694;Зубная щетка
18528;Зубочистки
754410;Игра логическая
56347;Игра настольная
2727691;Игра электронная
2727128;Игровая консоль
713265;Игровой набор
458886;Игровые домики
1204048;Игровые комплексы, качели, горки
146199;Игрушечное оружие
3620795;Игрушечные железные дороги и треки
461826;Игрушечный транспорт
980;Игрушка
146924;Игрушка LEGO
439737;Игрушка автотрек
1763109;Игрушка деревянная
149128;Игрушка для ванны
465549;Игрушка железная дорога
439735;Игрушка инерционная
2343922;Игрушка Интерактив
702005;Игрушка компьютер
147541;Игрушка конструктор
716203;Игрушка механическая
440953;Игрушка музыкальный инструмент
148621;Игрушка мягкая
451123;Игрушка радиоуправляемая
2364821;Игрушка с конфетами
713549;Игрушка со звуковыми эффектами
534740;Игрушка трансформер
313226;Игрушки для животных
451333;Игрушки для кошек
147523;Игрушки для малышей
1656438;Игрушки для новорожденных
332673;Игрушки для песочницы
311153;Игрушки для птиц
465351;Игрушки для собак
715174;Игрушки заводные
2228566;Игрушки надувные
1807899;Игрушки пластизолев
1768801;Игрушки пластмассовые
466117;Игрушки Приборы и аппараты
1726592;Игрушки развивающие
2223171;Игрушки Форма
482670;Игрушки-забавы
286761;Игры
443599;Игры для детей активные
880020;Игры интеллектуальные
331286;Игры обучающие и развивающие
452526;Игры развлекательные
4832631;Игры, игровые наборы
3739591;Изделия из мяса охлажд
3739722;Изделия из мяса птиц охл
448299;Изделия мед назнач (Гольфы, колготки, шорты, чулки)
444368;Изделия мед назнач (Горчичники, пипетки...)
444713;Изделия мед назнач (Маски, Компрессы...)
477046;Изделия мед назнач (Прочие ортопедические)
332748;Изделия мед назнач (Средства ухода прочие)
2418507;Изделия медицинского назначения
3817464;Изделия сдобные сладкие
3914532;Изделия сдобные соленые
3912028;Изделия слоеные сладкие
3914526;Изделия слоеные соленые
2284020;Измерительные приборы и аппараты
3226324;Изолятор шинный плоский
2289252;Изотоники
527983;Изучение счета и алфавита
23287;Икра овощная
3610958;Икра охлаждённая
23293;Икра рыбная
2420343;Иммунобиологические, пребиотики
439957;Иммуномодуляторы и адаптогены
441255;Ингаляторы и небулайзеры
298658;Инсектициды
41797;Инструмент
3745732;Инструмент SATA
300839;Инструмент для выполнения декораций
2727922;Инструмент для кабеля RJ 11,12,45
3226370;Инструмент для монтажа кабельных стяжек
3230565;Инструмент для снятия изоляции
303683;Инструмент измерительный
3641840;Инструмент малярный
300265;Инструмент механический
3617597;Инструмент ручной
289433;Инструмент садовый
304973;Инструмент смазывающий
299594;Инструмент электрический
349538;Инструменты для каллиграфии
2235461;Инструменты для маникюра и педикюра
466892;Интенсивное тонирование
362160;Интимная гигиена
176845;Информационные таблички, рамки и держатели
3605146;Ионизатор
176880;Источник бесперебойного питания (UPS)
712548;Йо-йо
23326;Йогурт
3641118;Йогурт детский
3611285;Йогурт питьевой
442869;Йодсодержащие средства
1660860;Кабеленесущие системы
241296;Кабели компьютерные
263610;Кабель
3226570;Кабель-каналы
262380;Кабины душевые и оборудование для ванной
22663;Какао
467282;Календарь
62922;Кальвадос
467417;Калька
62932;Калькулятор
430396;Кальсоны
467922;Канистра
2;Канцелярские товары
177010;Канцелярский набор
2417066;Капли в нос, спрей, мази, гель
23366;Капуста морская
310541;Карабины, вертлюги
37145;Карамель
391489;Карандаш для бровей
391481;Карандаш для век
264261;Карандаш для губ
264298;Карандаш для ногтей
3007277;Карандаш косметический
488884;Карандаш маскирующий
148338;Карандаши
468948;Карандаши восковые
229849;Карандаши механические
468113;Карандаши специальные
468990;Карандаши угольные
468746;Карандаши художественные
19264;Карандаши цветные
468588;Карандаши цветные без оболочки
177092;Карандаши чернографитные
1772381;Караоке
2279919;Карбо
3630887;Карбонад
148348;Карнавальные костюмы
550232;Карниз
469702;Картон белый
469716;Картон цветной
1221484;Картофель
230307;Картридж для принтера
177171;Карты географические
1656399;Карты и атласы
145898;Карты игральные
314257;Кастрюля
470295;Каталка детская
1211675;Катание по снегу и льду
342702;Каша детская
24389;Каши, хлопья, сухие завтраки
2441184;Кашпо
3608246;Кашпо,горшки и держатели
4848813;Квадрокоптер
1772558;Квас
1772564;Квиллинг и оригами
264799;Кекс
2235127;Кепка
23472;Кетчуп
550200;Кефир
3238680;Кипятильник электрический
33079;Кисель
2421817;Кисломолочный напиток
264868;Кисть косметическая
470932;Кисть кулинарная
470891;Кисть малярная
349745;Кисть художественная
265432;Клавиатура
1224273;Клеенка
8230;Клей
406613;Клей монтажный
392546;Клей обойный
472025;Клей ПВА
472078;Клей плиточный
471923;Клей силикатный
471904;Клей столярный
279126;Клей строительный
278579;Клей-герметик
265458;Клей-карандаш
3235599;Клемма соединительная
3235770;Клемма строительно-монтажная
3226984;Клеммник концевой изолированный
3948167;Клеммы
314888;Клетки для грызунов
1773165;Клетки для кошек и собак
310893;Клетки и гнезда для птиц
452686;Клетки, переноски
2442777;Клетчатка
3226995;Клещи обжимные
3236365;Клещи токоизмерительные
353410;Клинико-диагностические приборы и наборы
3822237;Ключ баллонный
344790;Ключ гаечный
3822251;Ключ комбинированный
3822267;Ключ комбинированный шарнирный
3822270;Ключ накидной
3822276;Ключ разрезной
3822289;Ключ рожковый
3610432;Ключ свечной
3822310;Ключ угловой
3822308;Ключ шарнирный
539687;Ключницы
472974;Книга алфавитная
473063;Книга записная
473053;Книга канцелярская
473715;Книга телефонная
544561;Книга электронная
205408;Книги
472873;Книги детские
439832;Книги для дошкольников
395479;Книги для школьников
2220881;Книги со звуками
2228116;Книги-викторины
177337;Книжки для детского творчества
473889;Кнопки канцелярские
315162;Коврик
330616;Коврик для ванной
2506089;Коврик музыкальный
315193;Ковш
315253;Когтеточки для животных
1774349;Кожгалантерея
4842729;Козинаки,нуга, халва
703379;Коктейли, джин-тоники
55924;Колбаса вареная
265605;Колбаса варено-копченая
3831351;Колбаса из субпродуктов
265598;Колбаса полукопченая
286848;Колбаса сыровяленая
265594;Колбаса сырокопченая
142954;Колбасные изделия
330538;Колготки
337654;Колготки детские
357699;Колготки для девочек
231171;Колер
1673068;Колпак колесный
562637;Комбинезон
315395;Комбинезон для собак
2731687;Коммутатор Ethernet
733267;Компас
3227808;Компенсация реактивной мощности
279464;Комплексы для профессионального питания
346264;Комплект белья для мальчиков
733490;Комплект верхней одежды
3224028;Комплектующие для светотехники
3235727;Комплекты декоративного стекла для садово-парковых светильников
1654218;Компоненты автоматизации
3817469;Компрессометр
300442;Компрессор
2713862;Компрессор автомобильный
300404;Компрессоры и пневматические инструменты
2741229;Компьютер моноблок
205800;Компьютерная мышь
237167;Компьютерная периферия игровая
2747295;Компьютерная платформа
265563;Компьютерные аксессуары
1351406;Компьютерные игры
475427;Конвекторы
475455;Конверт
3227761;Конденсатор для электродвигателя
77;Кондитерские изделия
674763;Кондитерские изделия диабет
69343;Кондитерские изделия замороженные
38561;Кондитерские изделия мучные
315;Кондиционер для белья
2187;Кондиционер для волос
475494;Кондиционеры
2740781;Коннекторы
1229537;Консервы
22680;Консервы грибные
23172;Консервы мясные
65;Консервы овощные
48;Консервы рыбные
22284;Консервы фруктовые
265894;Консилер
723930;Контактор
476072;Контейнер для игрушек
177418;Контейнер для мусора
231359;Контейнер для продуктов
447547;Контейнер для электронных носителей
2719845;Контроллеры/Adaptec
2728489;Контроллеры/LSI
4830432;Контроллеры/Разные
476130;Контур для глаз
22145;Конфеты
3623455;Конфеты диабетические
23131;Конфеты жевательные
3607409;Конфеты шоколадные
4849050;Конфитюры, джемы диетические
2422387;Концентраты сухие
476290;Коньки
3608303;Коньки ледовые
474926;Коньки роликовые
22210;Коньяк
476373;Копилка
231431;Корзина для бумаг
476444;Корзина хозяйственная
302482;Корм для грызунов
21915;Корм для животных
18493;Корм для кошек
609975;Корм для креветок
308061;Корм для птиц
1777029;Корм для рептилий
310977;Корм для рыб
19035;Корм для собак
309012;Кормушки для рыб
316949;Кормушки поилки для грызунов
313406;Кормушки поилки для птиц
3227955;Коробка монтажная
2765678;Корпус для компьютера
3228093;Корпуса для светильников НПО, НББ, НСП, НТУ
3228072;Корпуса постов КП - пластик
177433;Корректирующие средства
5586;Косметика
297285;Косметика для грызунов
1780133;Косметика для животных
297281;Косметика для кошек и собак
297279;Косметика для птиц
1199886;Косметика, украшения и аксессуары для девочек
336150;Косметические аксессуары
19704;Косметичка
1780221;Кости, палочки для собак
739902;Костюм
418521;Костюм женский спортивный
739956;Костюм купальный
1657287;Котлеты
19716;Кофе
3611328;Кофе в зёрнах
3630248;Кофе в чалдах
74065;Кофе зерно
74063;Кофе молотый
19729;Кофе растворимый
477163;Кофеварка
3373562;Кофейник
94151;Кофейный напиток
477185;Кофемолка
477219;Кошелек
266100;Крабовая имитация
3805321;Краситель пищевой
444812;Краска
265767;Краска акварельная
441048;Краска акриловая
2414472;Краска алкидная
227783;Краска воднодисперсионная
278665;Краска водоэмульсионная
227812;Краска гуашь
9484;Краска для бровей и ресниц
287836;Краска для внутренних работ
597;Краска для волос
354524;Краска для волос оттеночная
478346;Краска для дизайна ногтей
331171;Краска для изделий из кожи
478391;Краска для мебели
478401;Краска для пола
287642;Краска для фасадных работ
478414;Краска контурная
478518;Краска кракелюрная
1351412;Краска латексная
478782;Краска пальчиковая
2414476;Краска плакатная
478795;Краска по керамике
287714;Краска по металлу
477598;Краска по стеклу
478880;Краска по ткани
477701;Краска художественная гель
437446;Краска художественная масляная
479120;Краска художественная темперная
177461;Краска штемпельная
75137;Крахмал
2279928;Креатин
479914;Креветки
316470;Крекер
278498;Крем детский
1395;Крем для волос
3623336;Крем для зубных протезов фиксирующий
664;Крем для лица
10304;Крем для ног
331192;Крем для обуви
1438;Крем для рук
331154;Крем для тела
1682;Крем косметический
2642;Крем тональный
316566;Креманка
3658583;Крепеж
2744235;Крепления для мониторов
576560;Кресло
3228419;Кронштейн для уличного светильника
555469;Кроссовки
871509;Круассан
316687;Кружка
22067;Крупа и бобовые
482562;Кувшин
2735777;Кукла фарфоровая
712606;Куклы
2274864;Кукольный театр
3224151;Кулачковые переключатели КПУ
33055;Кулинарные добавки
1223021;Куличи
687653;Куртка
748385;Куртка женская
748632;Куртка мужская
180669;Кусачки маникюрные
483137;Кухонный комбайн
279744;Лак для дерева
1053;Лак для ногтей
288165;Лак для полов
288158;Лак для стен и потолков
482666;Лак яхтный
2430138;Лаки для художественных работ
220806;Лаки, морилки
3617582;Лакокрасочная продукция
619579;Лакомство для грызунов
750942;Лакомство для животных
590087;Лакомство для кошек
636168;Лакомство для птиц
1041874;Лакомство для собак
217309;Лакрица
177529;Ламинаторы, резаки и переплет
3948157;Лампа автомобильная
3228856;Лампа газоразрядная
3228815;Лампа галогенная
3391116;Лампа люминесцентная
3846555;Лампа паяльная
3228952;Лампа светодиодная
78022;Лампа электрическая
3392109;Лампа энергосберегающая
3612451;Лапша быстрого приготовления
19849;Ластик
3768199;Лебедка
371108;Леггинсы
19856;Леденцы
309010;Лежанки, корзины для животных
378131;Лекарственные сборы
210391;Лекарственные средства
2952733;Лента изоляционная
3229196;Лента клеевая
3225319;Лента клейкая
485738;Лента липкая от мух
3229354;Лента монтажная
3224101;Лента светодиодная
3610459;Лента стеклоочистителя
279182;Лента техническая
3229210;Ленты сигнальные и оградительные
344860;Лестница
715769;Лизуны
23975;Ликер
3394752;Лимонная кислота
266869;Линейки, угольники, транспортиры
486229;Линеры
1249217;Линолеум
315009;Литература о домашних животных
472476;Литература об искусстве
486423;Ложка
486480;Ломтерезки
3848199;Лопата
486508;Лопатка кухонная
486605;Лосьон для волос
486634;Лосьон для тела
1828117;Лотерея
475718;Лото
232356;Лоток для бумаг
1980166;Лубрикант интимный
288755;Лупа
3647502;Лыжи, ботинки
3229383;Люк ревизионный
755879;Магнит для доски
755842;Магнит сувенирный
487375;Магнитола
756413;Майка
438994;Майка для девочек
384197;Майка для мальчиков
383621;Майка женская
430418;Майка мужская
3618363;Майки, футболки,топы
57;Майонез
24086;Макароны
442922;Маммологические (лактогонные, мастопатии...)
3229476;Манжета термоусаживаемая
461;Маникюр и педикюр
471701;Маникюрный набор
3851600;Манометр
62;Маргарин
3614823;Маргарин, спреды
260452;Маринад
89983;Маркер
488160;Маркер для CD
3229491;Маркер кабельный
487696;Маркер перманентный
487934;Маркер специальный
487746;Маркер стираемый
488341;Маркер текстовый
487711;Маркер флипчарт
173629;Мармелад
1679367;Марципаны
2244669;Маска (балаклава)
490;Маска для волос
4004;Маска для лица
181499;Маска косметическая
148441;Маски
2414467;Масла для художественных работ
317954;Масленка
81664;Масло бутербродное
3948205;Масло гидравлическое
361847;Масло детское
339961;Масло для волос
3605791;Масло коровье
195518;Масло кукурузное
4015;Масло массажное
158667;Масло моторное
24278;Масло оливковое
335590;Масло ореховое
184383;Масло подсолнечное
267548;Масло промывочное
24963;Масло растительное
81698;Масло рыбное
81649;Масло сливочное
267560;Масло трансмиссионное
343183;Масло эфирное
1240988;Масложировая продукция
489646;Массажер
489685;Мастика
489695;Мастихин
280570;Материалы для гидроизоляции, гидрофобизации и герметизации
178817;Материалы для ламинирования
178833;Материалы для переплета
280572;Материалы для устройства полов
232831;Материнская плата
2739491;Материнская плата серверная
871513;Машина шлифовальная
36297;Машинка для стрижки
263522;Мебель
3608243;Мебель для сада
24286;Мед
763970;Медиа Звуковая запись
2740333;Медиаконвертор
333710;Медицинские приборы и аппараты
4847587;Медовуха
1255529;Мел
760144;Мелки восковые
2414473;Мелки масляные
83440;Менажница
760523;Мескаль
3224123;Металлокорпус
3229811;Металлорукав
914293;Метизы
34496;Мешки для мусора
20362;Мешок для стирки
83788;Миксер бытовой
2457341;Миорелаксанты
304886;Миска
297856;Миска для животных
693509;Модели для сборки
225;Моделирование прически
561673;Модель машины
4858475;Модем
3229903;Модульные переключатели трехпозиционные МП-63
3226367;Модульные сигнальные лампы серий ЛС и ЛСК
331292;Мозаика
3855379;Мойка автомобильная
3605828;Молоко пастеризованное
24323;Молоко сгущенное
3605783;Молоко стерилизованное
267828;Молоко сухое
67200;Молоко, сливки
492019;Молокоотсос
344503;Молоток
492090;Молочко для тела
38894;Молочные десерты
144938;Молочные продукты
3610545;Молочные продукты, которые можно есть ложкой
492155;Мольберт
233200;Монитор
4812936;Монтажное оборудование
41409;Морепродукты
3609099;Морепродукты замороженные
3612248;Морепродукты охлаждённые
30752;Мороженое
492248;Морозильник
2952748;Морс
3737734;Мототехника
34088;Мочалка
1041826;Моющие средства для животных
2416595;Мужские (потенция, простатит, аденома)
148606;Музыкальные инструменты
492492;Музыкальный центр
24378;Мука
3778115;Мука блинная
3610168;Мука и смеси для выпечки
3606165;Мука пшеничная
3708489;Мука ржаная
492588;Мультиварка
3230047;Муфта соединительная кабельная
177630;МФУ
146;Мыло
366;Мыло жидкое
6903;Мыло хозяйственное
330600;Мыльница
493233;Мыльные пузыри
188667;Мюсли
4833848;Мясные деликатесы фасованные
1183382;Мясные продукты
1201445;Мясо
37053;Мясо замороженное
38831;Мясо охлажденное
87888;Мясорубка
493543;Мяч
90098;Набор для творчества
496485;Набор чертежный
3606668;Наволочка
3626652;Наггетсы, филе
314311;Нагреватели для аквариумов
2728882;Нагреватели для содержания животных
3229797;Нагревательный элемент
1793353;Надувные изделия
440039;Назальные прочие
439929;Назальные сосудосуживающие
3862884;Накидка автомобильная
494440;Наклейки
180165;Наклейки для ногтей
3230309;Наконечник
3230084;Наконечник-гильза
2756068;Накопители NAS
319931;Намордник
713030;Нано игрушки
547468;Напильник
17371;Напитки
65403;Напитки, чай диабет
551222;Напиток энергетический
20627;Наполнители для туалета
2229142;Наращивание ресниц
2418099;Наружные средства (растворы,лосьоны,порошки, тб.)
871510;Насос
2418511;Настойки (растворы для внутреннего применения, бальзамы, эликсиры)
37856;Настойки, наливки
210556;Наушники микрофоны
2250135;Неваляшка
1346844;Несессер
1359144;Низковольтные оболочки
542785;Новогодние украшения
36595;Новый Год и Рождество
180360;Ногти накладные
485333;Нож канцелярский
279943;Нож кухонный
3229193;Ножи технические и аксесуары
34728;Ножницы
3230576;Ножницы для пластика
180675;Ножницы маникюрные
180740;Ножницы парикмахерские
320380;Ножницы поварские
3230579;Ножницы секторные для кабеля
498411;Ножовка
439812;Ноотропные и транквилизаторы
351648;Носки
290321;Носки детские
290327;Носки женские
290351;Носки мужские
234422;Ноутбук
1187071;Обеды
4832463;Обезболивающие, жаропониж. спазмалитики, НПВС
346034;Обесцвечивание волос
449713;Обложка для документов
234027;Обложка школьная
513784;Обогреватель
378369;Обои
1797120;Оборудование для клеток грызунов
1797176;Оборудование для клеток птиц
3232246;Оборудование защиты и автоматизации
1358332;Оборудование конечного распределения
15348;Обувь
849451;Обувь детская
3607980;Обувь для бассейна
2717382;Обувь для животных
499049;Обувь для собак
3614960;Обувь домашняя
849555;Обувь женская
1797821;Обувь кожаная
871516;Обувь мужская
1797877;Обувь спортивная
4832920;Обучающие пособия
3605983;Овощи и фрукты замороженные
37462;Овощи свежие
37536;Овощи соленые и квашеные
3872479;Огнетушитель
3230692;Ограничитель мощности
150026;Одежда
1758340;Одежда верхняя женская
1758596;Одежда верхняя мужская
1758839;Одежда верхняя подростковая
1798686;Одежда демисезонная
1658259;Одежда детская
3613136;Одежда джинсовая
704874;Одежда для животных
2725737;Одежда для животных демисезонная
2718234;Одежда для животных зимняя
2724839;Одежда для животных летняя, дождевая
1798479;Одежда для новорожденных
444783;Одежда для собак
1764705;Одежда домашняя женская
1764786;Одежда домашняя мужская
1764822;Одежда домашняя подростковая
550240;Одежда женская
2149678;Одежда зимняя
550553;Одежда мужская
1808458;Одежда повседневная женская
1809343;Одежда повседневная мужская
1810301;Одежда повседневная подростковая
640907;Одежда рабочая
1825726;Одежда спортивная
4835;Одеколон
33450;Одеяло
3230677;Оконцеватель кабельный
3605228;Окорок
23234;Оливки, маслины
499336;Олифа
2745961;Оперативная память
3873611;Оплетка руля
3230701;Оповещатели охранно-пожарные световые Топаз
352364;Ополаскиватель для белья
17168;Ополаскиватель для волос
19414;Ополаскиватель для рта
3228455;Опоры и кронштейны для садово-парковых светильников
4850509;Оптический накопитель
226449;Органайзер
19;Орехи
278591;Освежитель воздуха
284335;Осветление волос
456101;Оснастка для печатей и штампов
500117;Основа для макияжа
345964;Отбеливатель для белья
344583;Отвертка
3230844;Ответвители ОВ
500290;Открытка
916296;Отруби
556666;Отсадник для рыб
2418078;Отхаркивающие, противокашлевые
260665;Охлаждающая жидкость
784743;Очки солнцезащитные и прочие
310100;Ошейник
1800008;Ошейники инсектицидные
1712989;Ошейники поводки
98188;Паззл
1800728;Пакет
501381;Палитра
712923;Пальчиковые игры
786147;Панно
269794;Папка
235166;Папка адресная
476619;Папка архивная
501579;Папка деловая
178115;Папка для акварели
483122;Папка для дипломов и курсовых
449071;Папка для рисования
502621;Папка для тетрадей
502904;Папка для труда
502004;Папка для черчения
235460;Папка на кольцах
234916;Папка пластиковая
178236;Папка подвесная
503139;Папка портфолио
269904;Папка с арочным механизмом
178341;Папка с прижимами и скоросшивателями
269493;Папка с резинкой
502287;Папка текстильная
234967;Папка файловая
270018;Папка-вкладыш с перфорацией
265510;Папка-клипборд
269646;Папка-конверт
504104;Папка-портфель
178486;Папка-уголок
4806371;Парафармацевтика
360487;Парикмахерская
2746097;Парктроник
504717;Пароварка
3068;Парфюмерия
954473;Парфюмерия детская
4385;Парфюмерная вода
397231;Парфюмерный набор
344548;Пассатижи (шарнирно-губцевый инструмент)
1280112;Паста
504847;Пастель
99702;Пастила
4844332;Пасты ореховые, шоколадные.
30792;Пасха
24427;Паштет
461458;Паяльник
423091;Пеленки
40673;Пельмени, манты, хинкали, варенники
2588;Пена для ванн
505258;Пена монтажная
505309;Пенал
321269;Пепельница
441941;Перевязочные средства
3230944;Переключатель пакетный
1804867;Переноски для грызунов
3300794;Периодические издания
3231341;Перчатка термоусаживаемая
1804930;Перчатки
3231368;Перчатки защитные
506655;Перчатки медицинские
270958;Перчатки хозяйственные
1804945;Перчатки-варежки
1714214;Петли дверные
36536;Печатная продукция
21865;Печенье
1200469;Печное литье
506982;Печь СВЧ
22186;Пиво
388742;Пижама
373519;Пижама для девочек
384626;Пижама для мальчиков
3674178;Пижамы,сорочки
329590;Пикник
4839308;Пила циркулярная
180938;Пилинг
336187;Пилка маникюрная
495925;Пинг-понг
180633;Пинцет
104198;Пирог
271140;Пирожки и пончики
271083;Пирожное
3640867;Пирожное бисквитное охлаждённое
36615;Пиротехника
3226889;Пистолет клеевой
300479;пистолеты-распылители
29503;Пицца
881195;Плавание
793474;Плавки
507397;Плакат
507410;Планинг
503286;Планшет
2732080;Планшетные ПК
507644;Пластика
149101;Пластилин
364057;Пластырь
508184;Платки бумажные
3654472;Платки носовые
794720;Платье
3621500;Платья, сарафаны
2253157;Плащ
33316;Плед
206254;Плеер
217442;Пленка
33234;Пленка пищевая
795104;Плинтус
453190;Плита газовая
544623;Плита электрическая
1285964;Плитка строительная
508443;Плойка
2744073;Плоттер
3231626;Площадка самоклеющаяся под хомут
299304;Поводки для животных
495775;Погремушка детская
778358;Подарки для мужчин
271328;Подарок новогодний
360621;Подарочный набор
391688;Подводка для век
458;Подгузники
25366;Подгузники для взрослых
3649594;Поддоны и балконные ящики
322204;Поднос
3617321;Подогреватель сидений
3606670;Пододеяльник
509689;Подсвечник
509770;Подставка бытовая
497087;Подставка канцелярская
1812802;Подстилки, салфетки
20806;Подушка
510130;Поильник детский
510151;Покрытие настольное
510310;Полотенца бумажные
510331;Полотенце
784932;Полуботинки
144932;Полуфабрикаты
37680;Полуфабрикаты кондитерские
1180491;Полуфабрикаты мясные
39904;Полуфабрикаты овощные замороженные
3615359;Полуфабрикаты овощные свежие
3651345;Полуфабрикаты фруктовые свежие
1069;Помада губная
309393;Помпы, компрессоры, фильтры для аквариума
2254519;Пончо
199047;Попкорн
511109;Порог
172597;Портвейн
211209;Портмоне
511452;Портфель
130;После бритья
17407;Постельное белье
2326327;Посттреники
3231374;Посты кнопочные ПКЕ
119993;Посуда для специй
309770;Посуда жаропрочная
2420630;Посуда кухонная
18634;Посуда одноразовая
178768;Посуда стеклянная
38328;Посуда столовая, предметы сервировки
511555;Посудомоечная машина
2421794;Почва
267212;Праздничный стол
601806;Предметы содержания животных
3225594;Предохранители ППНН
3231725;Предохранитель
2279908;Предтреники
108335;Презервативы
312174;Премиксы для животных
1694057;Преобразователи частоты (ПЧ) и Устройства плавного пуска (УПП)
3605140;Преобразователь напряжения автомобильный
2463386;Препараты для лечения алкоголизма, никотиновой зависимости
297642;Препараты, лекарства для аквариума
23559;Пресервы
3610177;Пресервы морепрод.
3607326;Пресервы рыбные
3231890;Пресс-клещи
1815755;Приборы для чистки аквариумов
529652;Приборы измерительные электрические
309069;Принадлежности для дрессуры
214944;Принтер
30882;Приправы и специи
3231021;Приставка контактная
3231149;Приставки выдержки времени ПВН (для контакторов КМН и КТН)
381998;Присыпка детская
322553;Прищепки
443493;Пробиотики, бактерийные препараты
3948169;Провод высоковольтный автомобильный
3753839;Провод стартовый автомобильный
3231901;Провода самонесущие изолированные для ЛЭП
28312;Продукты быстрого приготовления
330591;Продукты питания
928398;Проектор
3231912;Прожектор галогенный
3231950;Прожектор светодиодный
512354;Проигрыватель
271932;Прокладки женские
995415;Прокладки урологические
512712;Прорезыватель детский
3765211;Проростки
3606675;Простыня
279312;Протеиновая сыворотка
279316;Протеиновые комплексы
330554;Противень
3608468;Противень для запекания
2422433;Противоаллергические
443298;Противоастматические
441258;Противовирусные внутреннего применения
441260;Противовирусные наружного применения
4814017;Противовирусные, иммуномодуляторы
397902;Противовоспалительные НПВС внутренние
441955;Противовоспалительные НПВС наружные
2418082;Противовоспалительные НПВС Обезболивающие, жаропониж. спазмалитики
510410;Противовоспалительные стероидные внутренние
439870;Противовоспалительные стероидные наружные
442944;Противогрибковые внутреннего применения
442055;Противогрибковые наружного применения
441994;Противодиабетические (гипогликемические)
444804;Противозачаточные гормональные (внутр)
460129;Противозачаточные наружного применения
362333;Противокашлевые (бронхолитики, секретолитики...)
332173;Противоопухолевые, радиопротекторы
442918;Противопедикулезные
442643;Противопростудные, противогриппозные (комбинир)
459349;Противорвотные
450886;Противоязвенные
1367334;Профессионально-бытовые игровые наборы
3231996;Пружины ПРПД
717566;Прыгуны
804438;Пряжа
5;Пряник
2416902;Психотропные, антидепрессанты, противопаркенс., противосудорожные
38685;Птица замороженная
3944415;Птица маринованная
100955;Птица охлажденная
3607126;Птица разделанная
3673186;Птица тушка
272015;Пудра
981464;Пульт дистанционного управления
3231785;Пульты кнопочные ПКТ
3232070;Пускатели ручные кнопочные
3231652;Пускатели электромагнитные ПМ12
1360926;Пускорегулирующая аппаратура
109956;Пылесос
52883;Пюре детское
2255231;Пюре детское мясное и рыбное
2255233;Пюре детское овощное и фруктовое
368509;Пятновыводитель
2750348;Радар-детектор
206249;Радиоприемник
178797;Радиостанция
3610450;Разветвители прикуривателя
272108;Разделитель листов
3230666;Разрядник
3232649;Разъединители РЕ19
3232172;Разъем
3224567;Разъем электрический промышленный
3948166;Разъем электрический силовой
3948168;Рамка автомобильная
806296;Рамка электромонтажная
514022;Ранец
441241;Ранозаживляющие, повыш регенерацию
517324;Рапидограф
457262;Раскраска
514467;Расписание уроков
320101;Распылитель для аквариума
3232552;Рассеиватели для светильников
342378;Раствор для контактных линз
225979;Растворитель
2506018;Растворитель фармакологический
1817984;Растения искусственные
214365;Расческа
503406;Регистратор офисный
451077;Регуляторы эректильной дисфункции
498142;Резак для бумаги
515227;Резинка банковская
515241;Резинки для волос
449222;Рекламные материалы
808848;Реле
3223939;Реле времени
3223915;Реле контроля напряжения
3233024;Реле контроля уровня
3225651;Реле контроля фаз
3232213;Реле промежуточное
3231776;Реле токовое электронное
3233617;Реле электротепловое
3808896;Ремонт колесных шин и шиномонтаж
331155;Репеллент
1118103;Ресницы накладные
3226857;Ретро изолятор
3232868;Ретро провод
515377;Решетка вентиляционная
515452;Решетка для водостока
23967;Рис
3605398;Роботы и трансформеры
810458;Розетка телефонная
515770;Розетка электрическая
3233498;Розетки на DIN-рейку (РД-47, РАр10)
111587;Ром
2074200;РОСМЭН
2256464;Рубашка
3625969;Рубашки/сорочки
3232999;Рубильник
712988;Рукоделие
272370;Рулет кондитерский
516315;Рулетка
2439;Румяна
2226383;Русский стиль
20596;Ручки
20582;Ручки гелевые
237113;Ручки капиллярные
811875;Ручки масляные
262640;Ручки перьевые
179022;Ручки подарочные
517326;Ручки роллеры
179066;Ручки шариковые
115797;Рыба
2228882;Рыба горячего копчения
97152;Рыба живая и охлажденная
3609100;Рыба замороженная
36625;Рыба копченая
1819587;Рыба мороженная
3605669;Рыба охлажденная
36877;Рыба свежемороженая
22645;Рыба соленая
1661897;Рыба сушеная вяленая
263557;Рыба холодного копчения
562237;Рыбалка
1819807;Рыбная гастрономия фасованная
36552;Рыбные полуфабрикаты
241936;Рыболовная леска
241617;Рыболовные аксессуары
242079;Рыболовные крючки
241571;Рыболовные поплавки
241981;Рыболовные приманки
518698;Рюкзак
3605840;Ряженка
2228248;Садовые предметы интерьера
33235;Садовый инвентарь
3610740;Саженцы
172638;Саке
273176;Салат
323381;Салатник
3613520;Сало
1276;Салфетки
499;Салфетки влажные
340956;Салфетки детские
520370;Салфетки медицинские
1302935;Самокат
520539;Саморез
2506071;Санки
278405;Сантехника
3612913;Сапоги резиновые
40988;Сахар
521883;Сахарница
297907;Сварочные аппараты и принадлежности
521980;Сверло
344338;Сверло по бетону
238059;Сверло по дереву
344177;Сверло по металлу
232164;Светильник
3225600;Светильник LED
3233986;Светильник аварийный
3233999;Светильник вандалоустойчивый
3234006;Светильник взрывозащищенный
3234018;Светильник встраиваемый
3234183;Светильник декоративный
3233996;Светильник настольный
3233893;Светильник садово-парковый
314252;Светильники и лампы для аквариума
1661846;Светосигнальная арматура
3900482;Свеча зажигания
14599;Свечи
4829069;Свечи, мази, гели, кольцо, спирали
3670541;Свинина тушеная
2229870;СВСД
1187868;Сдоба
1183003;Сезонный товар
179159;Сейфы, шкафы металлические
2952721;Секатор
3612234;Сельдь
324395;Семена
328051;Семена газонная трава
3619917;Семена и луковичные
1305382;Семечки
522644;Сендвичница
1823401;Сено, опилки для грызунов
2753371;Серверные аксессуары
326170;Сервиз
261150;Сервировка вина
439923;Сердечно-сосудистые (Антиаритмики, нитраты, антисклеротич)
2418096;Сердечные, гипотензивные
179163;Сертификат-бумага
225649;Сетевое оборудование и кабели
2716099;Сетевые и интерфейсные шнуры
2713945;Сетевые карты
116798;Сигареты
3618868;Сигареты электронные
522896;Сигариллы
347382;Сигары
4855219;Сигнализация автономная
3611060;Сидр
825927;Сироп
1662816;Сиропы, конфитюры диабет
2716840;Система видеонаблюдения
2765679;Система охлаждения для цифровой техники
238162;Системный блок
4834672;Системы видеонаблюдения
826246;Скакалка
215115;Сканер
523282;Скатерть
523324;Скейтборд
3235445;Скоба монтажная
1201379;Скобяные изделия
326370;Сковорода
326569;Скороварка
235562;Скоросшиватель
228291;Скотч
16248;Скраб
495109;Скрепки
439825;Слабительные и ветрогонные
144731;Слабоалкогольные напитки
1373122;Сливки взбитые
510461;Слюнявчик детский
274160;Смазка техническая
1719834;Смартфон
55864;Смеси детские
3605664;Смеси сухофруктов и орехов
232258;Смеситель сантехнический
99618;Сметана
260335;Снэки
483064;Снэки кукурузные
37056;Снэки рыбные и мясные
118900;Сода
38982;Соевые продукты
38459;Соевые продукты сухие диабет
300407;Соединяющие
17374;Сок
497666;Сок детский
524464;Соковыжималка
3687183;Соломка, хлебные палочки
24365;Соль
3855;Соль для ванн
372564;Сорочка
830025;Сорочка женская
430438;Сорочка мужская
1824443;Сорочка ночная
113685;Сосиски, сардельки
513167;Соска детская
3608814;Соска детская для бутылочки
2417668;Сосудистые, статины
326700;Сотейник
545856;Соус
453365;Спазмолитики, холецистолитики
279363;Специальные продукты
525177;Спираль внутриматочная
39891;Спички
550638;Спорт
278582;Спорт и отдых
1807611;Спортивное питание
442891;Средства влияющие на метаболизм (антиоксиданты)
454454;Средства влияющие на мускулатуру матки
659327;Средства для аквариумной воды
1105;Средства для бритья
901504;Средства для бровей
1444039;Средства для глажения
357991;Средства для завивки
442265;Средства для лечения отитов, ушные капли
445515;Средства для лечения простатита
584955;Средства для лечения/Растения
443311;Средства заместительной терапии прочие (K,Ca,Mg,F...)
309084;Средства защиты растений
332767;Средства коррекции фигуры, регуляторы аппетита
318069;Средства от болезней растений
441199;Средства от синдрома похмелья
297516;Средства против грызунов
102;Средства против насекомых
749170;Средства содержания/Комплексное
439693;Средства улучшающие пищеварение (ферменты...)
591720;Средства ухода за животными
2260116;Средство для мытья полов
274405;Средство для мытья посуды
521821;Средство для мытья стекол
525385;Средство для обработки дерева
181424;Средство для посудомоечных машин
163;Средство для стирки
366026;Средство для умывания
180898;Средство для ухода за изделиями из кожи
348632;Средство от укусов насекомых
3235660;Стабилизатор напряжения
773402;Стакан
1351411;Стакан-непроливайка
344414;Стамеска
278768;Станки бритвенные
832274;Статуэтка
3614934;Стеклоомыватель
332038;Стельки
2615775;Стемпинг
526118;Стержень для ручки
832787;Стержень для ручки шариковый
526419;Стикер
526431;Стиральная машина
235;Стиральный порошок
833493;Стол
1826439;Столовое белье
226976;Столовые приборы
456136;Столярные изделия
180538;Стразы
615329;Строительные материалы
344725;Струбцина
3948178;Стул
1226940;Субпродукты
3541537;Сувенир
834419;Сувенир полистоун
331590;Сувенирное оружие
2221949;Сувениры пасхальные
527220;Сумка
527321;Сумка детская
3235801;Сумка для инструментов
527395;Сумка для ноутбука
527416;Сумка для обуви
527492;Сумка дорожная
527494;Сумка женская
527297;Сумка молодежная
2765683;Сумки и чехлы для электронных устройств
3210952;Суп
3610619;Суп быстрого приготовления
1316161;Сухари панировочные
676644;Сухари, сушки, баранки
1202446;Сухарики
1827197;Сухие напитки
25936;Сухофрукты
383145;Суши
527924;Сушилка бытовая
177948;Сушилка для рук
527965;Сушильные машины
3235818;Счетчик электроэнергии
574475;Считыватели карт (картридеры)
3917988;Съемники стопорных колец
391607;Сыворотка для волос
142810;Сыр
76203;Сыр мягкий
3545748;Сыр плавленый
2260623;Сыр рассольный
3614808;Сыр с плесенью
2238224;Сыр свежий
124690;Сыр твердый и полутвердый
2260630;Сыр творожный
2260702;Сыр элитный из козьего и овечьего молока
2260614;Сыр элитный фасованный
1318164;Сырок
3767116;Сырок глазированный
336038;Табак
38814;Табакокурение
1714427;Таблички и вывески
327218;Таз
3235912;Таймер
278661;Тампоны женские
837370;Тапочки
327266;Тарелка
839217;Тарталетки
496652;Тату
3005387;Творог
38969;Творог и творожные
3625331;Творог упакованный продающийся на вес (2)
1319873;Творожок
1356639;Творчество
25959;Текила
17402;Текстиль для дома
515734;Текстурное покрытие
839788;Телевизор
1522725;Телекоммуникационные системы
632983;Телефон мобильный
167368;Телефоны и факсы
1249;Тени для век
529179;Тепловентилятор
1484381;Теплый пол
327595;Терка
840786;Термобелье
309573;Термометр
3552571;Термопот
529461;Термос
841204;Термостат
595894;Террариум
353407;Тест беременности и овуляции
128690;Тесто
3610531;Тесто замороженное
179452;Тетрадь
507558;Тетрадь дизайнерская
179679;Тетрадь для нот, дневник для муз. школы
529792;Тетрадь на кольцах
179720;Тетрадь предметная
530775;Тетрадь специальная
2220725;Технопарк
149195;Товары для вечеринок
3708771;Товары для грузынов
337447;Товары для душа и ванны
3605276;Товары для кемпинга
3620858;Товары для кошек
140298;Товары для праздника
3654587;Товары для птиц
561877;Товары для садоводства
3617088;Товары для собак
331156;Товары для художников
4806318;Товары ТВ-Шоп
3633123;Толстовка
1280129;Томатная паста
3610496;Томаты консервированные
1833118;Тональные средства
533906;Тоник для лица
487628;Тонометр
388788;Топ женский
907802;Топливо
344427;Топор
276025;Тормозная жидкость
476443;Торт
534121;Торт вафельный
3923521;Тосол
534262;Тостер
534278;Точилка для карандашей
534287;Точилка для косметических карандашей
637982;Транспортировка детей
303859;Транспортировка и складирование
3230741;Трансформатор понижающий
3235841;Трансформатор тока
534730;Трансформатор электрический
495336;Трафареты, лекала
535118;Триммер
3230105;Трубка монтажная термоусаживаемая
34242;Трубочки для коктейля
17628;Трусы
334684;Трусы для девочек
347445;Трусы для мальчиков
361002;Трусы женские
430347;Трусы мужские
535340;Тряпка для пола
1039;Туалетная вода
294284;Туалетный утенок
314142;Туалеты, совки
535836;Тубус
1836865;Тумба для аквариума
145188;Туризм
849535;Туфли
535866;Тушь
2472;Тушь для ресниц
3568149;Уайт-спирит
179868;Увлажнители для пальцев
3614638;Увлажнитель воздуха
2494899;Уголь художественный
241624;Удилища
536378;Удлинитель антенный
536231;Удлинитель электрический
276445;Удобрения
536460;Указка
1837031;Украшения для животных
26041;Уксус
4850046;Ультрабук
2229862;Умка
3604469;Умный дом
3608219;Упаковка
287296;Упаковка подарочная
330599;Уровень
445741;Урологические (выводящие мочевые конкременты...)
3229847;Устройства для КТН - механизмы блокировки
1216042;Утеплитель
131927;Утюг
28;Уход за волосами
1045095;Уход за губами
337649;Уход за детьми
203;Уход за зубами и ртом
32377;Уход за кожей
961989;Уход за лицом
331979;Уход за ногами
594;Уход за обувью
443664;Уход за оргтехникой
891338;Уход за руками
897047;Уход за телом
673172;Учебно-просветительная литература
536784;Файлы
537031;Фартук, нарукавники
36444;Фен
3230129;Фен технический
1726736;Феникс ( ПФ Невская Трапеза ЗАО)
537210;Фигурка декоративная
1364437;Фигурки, роботы, животные
2496079;Фиксатив
3934319;Фильтр воздушный
179917;Фильтр для воды
1402154;Фильтр для кофе
537299;Фильтр для пылесоса
3620768;Фильтр масляный
3934490;Фильтр салона автомобиля
536405;Фильтр сетевой
3933148;Фильтр топливный
3616373;Финики
3605455;Фисташки
276607;Фиточай
21717;Фломастеры
713210;Фокусы
33227;Фольга
496348;Фольга цветная
181344;Фонарь
538831;Форма кулинарная
133309;Фотоальбом
179988;Фотобумага
1346833;Фотовспышка
180003;Фотокамеры и аксессуары
928436;Фотообъектив
240396;Фотопленка
33611;Фоторамка
3225141;Фотореле
988413;Фрукты и овощи
36707;Фрукты свежие
3637019;Фрукты экзотические
337253;Фумигатор
2506068;Фурнитура
704834;Фурнитура дверная
266714;Фурнитура для штор
462703;Футбол
857677;Футболка
371816;Футболка для девочек
383633;Футболка для мальчиков
386769;Футболка женская
430402;Футболка мужская
1840203;Футляр для телефона
1840215;Футляр для фотокамеры
539699;Футляры для ручек
2765720;Фуфайка
859152;Халат
329006;Халва
1336849;Херес
938857;Химико-маскательные товары
379625;Химическая завивка
558225;Хлеб
3914477;Хлеб зерновой
3780861;Хлеб пшеничный
3914486;Хлеб ржано-пшеничный
3914523;Хлеб этнический
1709997;Хлебница
40119;Хлебо-булочные изделия
539857;Хлебопечь
49503;Хлебцы
539918;Хна
2762787;Ходунки
3536;Хозяйственные товары
462696;Хоккей
452773;Холодильник
186980;Холодный чай
540146;Холст художественный
1710098;Хомут
3939131;Хомут автомобильный
3226775;Хомут монтажный
2429412;Хондропротектор
143343;Хрен
1841564;Художественная литература
1351563;Цветы
3610735;Цветы горшечные
1351413;Цветы искусственные
3610738;Цветы срезанные
1292247;Цемент
1841610;Цепи, тросы
540564;Цикорий
233721;Циркуль
330564;Цифровая техника (неклассифицированные)
439945;ЦНС Аналептики, противосудорожные
439920;ЦНС Седативные и снотворные
21794;Чай
135886;Чай детский
541137;Чайник
3613148;Чайник заварочный, кофейник
871514;Чайный набор
2506298;Чайный напиток
295931;Часы
329250;Часы песочные
329236;Чашка
443666;Чернила
214972;Чернила для принтера
2011058;Чехол для одежды
18673;Чипсы и снэки
6693;Чистящие моющие средства
330539;Чулки
2206;Чулочно-носочные изделия
541713;Шайба
3237950;Шайбы монтажная
1412;Шампунь
1382789;Шампунь детский
345236;Шампунь для животных
865398;Шарф
179821;Шары воздушные
434842;Швабра
285832;Швейные принадлежности
3622376;Шейка
2496499;Шейкер
542923;Шило
2275302;ШиШ
329651;Шкатулка
3948177;Шкаф
1360876;Шкафы и принадлежности
3223912;Шкафы и щиты (корпуса) для НВА
3605381;Школьная галантерея
543020;Шланг
1844469;Шлейка
2273006;Шляпа
451035;Шнур бытовой
432303;Шнурки для обуви
19677;Шоколад
3604888;Шоколад фигурный
29993;Шоколадная паста
3607322;Шоколадный батончик
867954;Шорты
365794;Шорты женские
384231;Шпаклевка
330610;Шпатель
543585;Шпатлевка
3607426;Шпиг
2274861;Шприц инсулиновый
543617;Шприц медицинский
3945372;Шприц плунжерный
3619474;Шпроты
543671;Шредер
330102;Штопор
434427;Штора для ванны
33381;Шторы
3617283;Шторы автомобильные солнцезащитные
543843;Штукатурка
3238428;Шуруповерт
543871;Шурупы
211737;Щетка для волос
544138;Щетка для обуви
544232;Щетка для одежды
1414878;Щетка стеклоочистителя
544137;Щетка хозяйственная
544355;Щипцы для волос
869759;Щит распределительный
3230861;Щиток электрический осветительный
3634280;Экибана
3607755;Эл. игры и игрушки
2506045;Электродвигатель
241498;Электроды
4857881;Электроинстументы/Станки заточные (точило)
686230;Электронные компоненты
297628;Электрооборудование
3835964;Электроподогреватель
278327;Электротовары
3223907;Электроустановочные аксессуары
3224037;Электроустановочные изделия
3233796;Электрощит в сборе
3238736;Электрощитовой ящик с блоком рубильник-предохранитель
482588;Эмаль
296462;Эмаль алкидная
545353;Эпилятор
870814;Эспандер
2765684;Этажерка
545503;Этикетки, этикет лента
871043;Юбка
3647474;Ягоды
2230206;Ягоды замороженые
2228838;Ягоды свежие
142624;Яйцо
3668495;Яйцо куриное
3737152;Яйцо перепелиное
180158;Ящик для денег
344013;Ящик для инструментов
